{
"kind": "disting NT preset",
 "author": "Anonymous            ",
 "saved-from": ["v1.9.0","Jun  6 2025 12:54:32"]
 ,
 "engine": {
 "sampleRate": 48000,
  "blockSize": 24}
 ,
 "version": 2,
 "name": "SyncLatchDemo       ",
 "slots": [{
  "guid": "note",
   "specs": [0,0,0]
   ,
   "lines": ["For EXT Clock (24 ppqn) use","inputs 7 & 8 and bypass","first Clock algorithm.","Clock Out (4 ppqn) & Reset","are on outputs 7 & 8","Input 11 = Arm Latch ","Input 12 = Fill-in "]
   ,
   "name": "Notes                  ",
   "parameters": [0,0,0,0,0,0,0,0]
   ,
   "ui": {
   "page": 0,
    "items": [0,0,0,0,0,0,0,0,0,0,0,0,0,0,0,0]
    ,
    "display": "params"}
   }
  ,{
  "guid": "clck",
   "specs": [3,0,0]
   ,
   "name": "Clock                  ",
   "parameters": [[0,0,1050,{
     "v": 0,
      "cv": {
      "input": 9,
       "unipolar": 1,
       "isGate": 1,
       "volts": 5,
       "delta": 1}
      }
     ,4,2,1,0,0,0,0]
    ,[1,7,1,0,0,0,50,1,0,10]
    ,[1,19,1,0,4,0,50,1,0,10]
    ,[1,8,1,1,9,0,50,1,0,10]
    ]
   ,
   "ui": {
   "page": 4,
    "items": [1,0,0,0,0,0,0,0,0,0,0,0,0,0,0,0]
    ,
    "display": "gui"}
   }
  ,{
  "guid": "clkd",
   "specs": [1,0,0]
   ,
   "name": "Clock divider          ",
   "parameters": [[0,8]
    ,[0,6,1,1,1,7,8,19,1]
    ]
   ,
   "ui": {
   "page": 2,
    "items": [0,0,0,0,0,0,0,0,0,0,0,0,0,0,0,0]
    ,
    "display": "gui"}
   }
  ,{
  "guid": "lua ",
   "specs": [0,0,0]
   ,
   "program": "sync_latch.lua",
   "name": "Lua Sync-Latch         ",
   "parameters": [0,7,8,11,12,5,6,7,8,9,10,11,12,13,14,15,16,17,18,19,20,21,22,23,24,25,26,27,28,21,1,22,1,23,1,24,1,25,1,20,0,21,0,22,0,23,0,24,0,25,0,26,0,27,0,28,0,1,0,2,0,3,0,4,0,5,0,6,0,7,0,8,0,9,0,10,0,11,0,12,0,13,0,14,0,0,4,4,3,1,2,2,2,1,4,2,2,3]
   ,
   "ui": {
   "page": 0,
    "items": [7,0,0,0,0,0,0,0,0,0,0,0,0,0,0,0]
    ,
    "display": "gui"}
   }
  ,{
  "guid": "spsq",
   "specs": [0,0,0]
   ,
   "sequences": [{
    "pattern": [1,0,0,0,1,0,0,0,1,0,0,0,1,0,1,0]
     }
    ,{
    }
    ,{
    }
    ,{
    }
    ,{
    }
    ,{
    }
    ,{
    }
    ,{
    }
    ,{
    }
    ,{
    }
    ,{
    }
    ,{
    }
    ,{
    }
    ,{
    }
    ,{
    }
    ,{
    }
    ,{
    }
    ,{
    }
    ,{
    }
    ,{
    }
    ,{
    }
    ,{
    }
    ,{
    }
    ,{
    }
    ,{
    }
    ,{
    }
    ,{
    }
    ,{
    }
    ,{
    }
    ,{
    }
    ,{
    }
    ,{
    }
    ]
   ,
   "name": "Step Sequencer         ",
   "parameters": [0,48,48,48,48,48,48,48,48,48,48,48,48,48,48,48,48,7,7,7,7,7,7,7,7,7,7,7,7,7,7,7,7,1,0,0,0,1,0,0,0,1,0,0,0,1,0,1,0,0,0,0,0,0,0,0,0,0,0,0,0,0,0,0,0,64,64,64,64,64,64,64,64,64,64,64,64,64,64,64,64,0,0,0,0,0,0,0,0,0,0,0,0,0,0,0,0,0,0,0,0,0,0,0,0,0,0,0,0,0,0,0,0,0,0,0,0,0,0,0,0,0,0,0,0,0,0,0,0,0,0,0,0,0,0,0,0,0,0,0,0,0,0,0,0,19,8,1,0,1,3,1,0,1,0,1,0,1,0,0,0,0,1,16,0,0,0,50,10,100,4,0,3,0,36,60,48,12,2,8,2,8,50,0,0,0,0,1,1,0,0,0,0,0,0,0,0,0,0,0,0,0,0,0,0,0,0,1,0,0,0]
   ,
   "ui": {
   "page": 13,
    "items": [6,2,0,0,2,0,0,0,0,0,0,0,0,0,0,0]
    ,
    "display": "params"}
   }
  ,{
  "guid": "spsq",
   "specs": [0,0,0]
   ,
   "sequences": [{
    "pattern": [1,0,0,0,1,0,0,0,1,1,0,1,1,1,1,1]
     }
    ,{
    }
    ,{
    }
    ,{
    }
    ,{
    }
    ,{
    }
    ,{
    }
    ,{
    }
    ,{
    }
    ,{
    }
    ,{
    }
    ,{
    }
    ,{
    }
    ,{
    }
    ,{
    }
    ,{
    }
    ,{
    }
    ,{
    }
    ,{
    }
    ,{
    }
    ,{
    }
    ,{
    }
    ,{
    }
    ,{
    }
    ,{
    }
    ,{
    }
    ,{
    }
    ,{
    }
    ,{
    }
    ,{
    }
    ,{
    }
    ,{
    }
    ]
   ,
   "name": "Step Sequencer(2)      ",
   "parameters": [0,48,48,48,48,48,48,48,48,48,48,48,48,48,48,48,48,7,7,7,7,7,7,7,7,7,7,7,7,7,7,7,7,1,0,0,0,1,0,0,0,1,1,0,1,1,1,1,1,0,0,0,0,0,0,0,0,0,0,0,0,0,0,0,0,64,64,64,64,64,64,64,64,64,64,64,64,64,64,64,64,0,0,0,0,0,0,0,0,0,0,0,0,0,0,0,0,0,0,0,0,0,0,0,0,0,0,0,0,0,0,0,0,0,0,0,0,0,0,0,0,0,0,0,0,0,0,0,0,0,0,0,0,0,0,0,0,0,0,0,0,0,0,0,0,19,8,1,0,1,4,1,0,1,0,1,0,1,0,0,0,0,1,16,0,0,0,50,10,100,4,0,3,0,36,60,48,12,2,8,2,8,50,0,0,0,0,1,1,0,0,0,0,0,0,0,0,0,0,0,0,0,0,0,0,0,0,1,0,0,0]
   ,
   "ui": {
   "page": 11,
    "items": [0,2,0,1,0,0,0,0,0,0,0,0,0,0,0,0]
    ,
    "display": "params"}
   }
  ,{
  "guid": "logi",
   "specs": [1,0,0]
   ,
   "name": "Logic                  ",
   "parameters": [[0,100,50,500]
    ,[1,0,4,22,4,1]
    ]
   ,
   "ui": {
   "page": 1,
    "items": [0,5,0,0,0,0,0,0,0,0,0,0,0,0,0,0]
    ,
    "display": "params"}
   }
  ,{
  "guid": "samp",
   "specs": [8,0,0]
   ,
   "triggers": [{
    "folder": "Cheetah_MD16",
     "sample": "MD16_BD_Gated_1.wav"}
    ,{
    "folder": "DMX606_SamplePack",
     "sample": "DMX606_SD1_A.wav"}
    ,{
    "folder": "DMX606_SamplePack",
     "sample": "DMX606_HHclosed_A.wav"}
    ,{
    "folder": "!LABS Soft Pno - PedOn",
     "sample": "PedOn_A#-1.wav"}
    ,{
    "folder": "!LABS Soft Pno - PedOn",
     "sample": "PedOn_A#-1.wav"}
    ,{
    "folder": "!LABS Soft Pno - PedOn",
     "sample": "PedOn_A#-1.wav"}
    ,{
    "folder": "!LABS Soft Pno - PedOn",
     "sample": "PedOn_A#-1.wav"}
    ,{
    "folder": "!LABS Soft Pno - PedOn",
     "sample": "PedOn_A#-1.wav"}
    ]
   ,
   "name": "Sample player          ",
   "parameters": [[0,0,0]
    ,[0,0,6,8,13,14,0,0,0,48,3,100,0,0,0,60,100,77,0,127,0]
    ,[0,0,8,34,13,14,0,0,0,49,4,100,0,0,0,60,100,77,0,127,0]
    ,[0,0,8,28,13,14,0,0,0,50,0,100,0,0,0,60,100,77,0,127,0]
    ,[0,0,1,1,13,14,0,0,0,51,0,100,0,0,0,60,100,77,0,127,0]
    ,[0,0,1,1,13,14,0,0,0,52,0,100,0,0,0,60,100,77,0,127,0]
    ,[0,0,1,1,13,14,0,0,0,53,0,100,0,0,0,60,100,77,0,127,0]
    ,[0,0,1,1,13,14,0,0,0,54,0,100,0,0,0,60,100,77,0,127,0]
    ,[0,0,1,1,13,14,0,0,0,55,0,100,0,0,0,60,100,77,0,127,0]
    ]
   ,
   "ui": {
   "page": 1,
    "items": [1,1,4,0,0,0,0,0,0,0,0,0,0,0,0,0]
    ,
    "display": "params"}
   }
  ,{
  "guid": "pyms",
   "specs": [1,8,0]
   ,
   "timbres": [{
    "folder": "LABS Soft Pno - PedOn"}
    ]
   ,
   "name": "Poly Multisample       ",
   "parameters": [[0,2,0,0,0,-1,0,48,13081,0,0]
    ,[0,0,56,13,14,0,0,1,1,0,0,60,100,77,100,1,0,0,0,0,0,1,1,1,1,1,1,1,2,0,0,1,1,0,0,1,0,3,0,0,1,0,0,0,0]
    ]
   ,
   "ui": {
   "page": 2,
    "items": [0,0,0,0,0,0,0,0,0,0,0,0,0,0,0,0]
    ,
    "display": "gui"}
   }
  ,{
  "guid": "clck",
   "specs": [2,0,0]
   ,
   "name": "MIDIclockOut           ",
   "parameters": [[0,1,1200,{
     "v": 0,
      "cv": {
      "input": 17,
       "unipolar": 1,
       "isGate": 1,
       "volts": 5,
       "delta": 1}
      }
     ,4,2,7,21,1,0,0]
    ,[0,27,1,0,4,0,50,1,0,10]
    ,[0,28,1,2,4,0,50,1,0,10]
    ]
   ,
   "ui": {
   "page": 0,
    "items": [5,0,0,0,0,0,0,0,0,0,0,0,0,0,0,0]
    ,
    "display": "params"}
   }
  ,{
  "guid": "logi",
   "specs": [2,0,0]
   ,
   "name": "Logic AND              ",
   "parameters": [[0,100,50,500]
    ,[1,0,19,21,19,1]
    ,[1,1,25,25,20,1]
    ]
   ,
   "ui": {
   "page": 2,
    "items": [0,2,0,0,0,0,0,0,0,0,0,0,0,0,0,0]
    ,
    "display": "gui"}
   }
  ,{
  "guid": "attn",
   "specs": [2,0,0]
   ,
   "name": "Attenuverter           ",
   "parameters": [[0]
    ,[19,1,500,0,0,0,0,19,1]
    ,[20,1,500,0,0,0,0,20,1]
    ]
   ,
   "ui": {
   "page": 0,
    "items": [0,1,0,0,0,0,0,0,0,0,0,0,0,0,0,0]
    ,
    "display": "params"}
   }
  ]
 ,
 "ui": {
 "currentSlot": 3,
  "displayMode": "algorithm"}
 }
